{"version": "1", "message": "ERROR: Hidden Testcases server unreachable.", "problem_id": "ads2_m16_a1_1", "user_id": "Someshwar95", "score": {"sample": {"0": {"execution_time": 0.6687231063842773, "passed": false}, "1": {"execution_time": 0.262509822845459, "passed": false}, "2": {"execution_time": 0.6370530128479004, "passed": false}, "3": {"execution_time": 0.682957649230957, "passed": false}, "4": {"execution_time": 0.6240475177764893, "passed": false}, "5": {"execution_time": 0.4596595764160156, "passed": false}, "6": {"execution_time": 0.4668843746185303, "passed": false}, "7": {"execution_time": 0.5009539127349854, "passed": false}, "8": {"execution_time": 0.34684133529663086, "passed": false}, "9": {"execution_time": 0.40683746337890625, "passed": false}, "10": {"execution_time": 0.49577832221984863, "passed": false}, "11": {"execution_time": 0.405376672744751, "passed": false}, "12": {"execution_time": 0.46074676513671875, "passed": false}, "13": {"execution_time": 0.36609959602355957, "passed": true}, "14": {"execution_time": 0.5179204940795898, "passed": false}, "15": {"execution_time": 0.46944308280944824, "passed": false}, "16": {"execution_time": 0.3311731815338135, "passed": false}, "17": {"execution_time": 0.4760873317718506, "passed": false}, "18": {"execution_time": 0.4131038188934326, "passed": false}, "19": {"execution_time": 0.36676549911499023, "passed": false}, "20": {"execution_time": 0.3895256519317627, "passed": false}, "21": {"execution_time": 0.3951568603515625, "passed": false}, "22": {"execution_time": 0.28040480613708496, "passed": false}, "23": {"execution_time": 0.3551461696624756, "passed": false}, "24": {"execution_time": 0.4088246822357178, "passed": true}, "25": {"execution_time": 0.43836164474487305, "passed": false}, "26": {"execution_time": 0.5846827030181885, "passed": false}, "27": {"execution_time": 0.6027631759643555, "passed": false}, "28": {"execution_time": 0.8284440040588379, "passed": false}, "29": {"execution_time": 0.356306791305542, "passed": false}}}, "check_style_score": "0/1"}