{"version": "1", "message": "ERROR: Hidden Testcases server unreachable.", "problem_id": "ads2_m16_a1_1", "user_id": "Someshwar95", "score": {"sample": {"0": {"execution_time": 0.602773904800415, "passed": false}, "1": {"execution_time": 0.3418891429901123, "passed": false}, "2": {"execution_time": 0.5292165279388428, "passed": false}, "3": {"execution_time": 0.5022602081298828, "passed": false}, "4": {"execution_time": 0.5021414756774902, "passed": false}, "5": {"execution_time": 0.5599813461303711, "passed": false}, "6": {"execution_time": 0.4602358341217041, "passed": false}, "7": {"execution_time": 0.4593381881713867, "passed": false}, "8": {"execution_time": 0.35378289222717285, "passed": false}, "9": {"execution_time": 0.5429823398590088, "passed": false}, "10": {"execution_time": 0.4920921325683594, "passed": false}, "11": {"execution_time": 0.2977116107940674, "passed": false}, "12": {"execution_time": 0.4580531120300293, "passed": false}, "13": {"execution_time": 0.3643167018890381, "passed": true}, "14": {"execution_time": 0.4978175163269043, "passed": false}, "15": {"execution_time": 0.5904214382171631, "passed": false}, "16": {"execution_time": 0.30105018615722656, "passed": false}, "17": {"execution_time": 0.3243129253387451, "passed": false}, "18": {"execution_time": 0.34183335304260254, "passed": false}, "19": {"execution_time": 0.3682684898376465, "passed": false}, "20": {"execution_time": 0.3907301425933838, "passed": false}, "21": {"execution_time": 0.31048035621643066, "passed": false}, "22": {"execution_time": 0.4057447910308838, "passed": false}, "23": {"execution_time": 0.3332247734069824, "passed": false}, "24": {"execution_time": 0.3116164207458496, "passed": true}, "25": {"execution_time": 0.44048571586608887, "passed": false}, "26": {"execution_time": 0.46431636810302734, "passed": false}, "27": {"execution_time": 0.5219254493713379, "passed": false}, "28": {"execution_time": 0.6535236835479736, "passed": false}, "29": {"execution_time": 0.47577452659606934, "passed": false}}}, "check_style_score": "0/1"}