{"version": "1", "message": "ERROR: Hidden Testcases server unreachable.", "problem_id": "ads2_m6_a1_1", "user_id": "Someshwar95", "score": {"sample": {"0": {"execution_time": 1.1957571506500244, "passed": false}, "1": {"execution_time": 0.24073386192321777, "passed": false}, "2": {"execution_time": 0.23071503639221191, "passed": false}, "3": {"execution_time": 0.311521053314209, "passed": false}, "4": {"execution_time": 0.2682375907897949, "passed": false}, "5": {"execution_time": 0.17180395126342773, "passed": false}, "6": {"execution_time": 0.3021073341369629, "passed": false}, "7": {"execution_time": 0.2610628604888916, "passed": false}, "8": {"execution_time": 0.24898576736450195, "passed": false}, "9": {"execution_time": 0.30052733421325684, "passed": false}, "10": {"execution_time": 0.2458970546722412, "passed": false}, "11": {"execution_time": 0.29692697525024414, "passed": false}}}, "check_style_score": "0/1"}