{"version": "1", "message": "ERROR: Hidden Testcases server unreachable.", "problem_id": "ads2_m6_a1_1", "user_id": "Someshwar95", "score": {"sample": {"0": {"execution_time": 0.15617036819458008, "passed": false}, "1": {"execution_time": 0.2391366958618164, "passed": false}, "2": {"execution_time": 0.24430537223815918, "passed": false}, "3": {"execution_time": 0.2872281074523926, "passed": false}, "4": {"execution_time": 0.2679619789123535, "passed": false}, "5": {"execution_time": 0.2411823272705078, "passed": false}, "6": {"execution_time": 0.26230788230895996, "passed": false}, "7": {"execution_time": 0.2219691276550293, "passed": false}, "8": {"execution_time": 0.25240087509155273, "passed": false}, "9": {"execution_time": 0.15931916236877441, "passed": false}, "10": {"execution_time": 0.20389389991760254, "passed": false}, "11": {"execution_time": 0.27111053466796875, "passed": false}}}, "check_style_score": "0/1"}