{"version": "1", "message": "ERROR: Hidden Testcases server unreachable.", "problem_id": "ads2_m6_a1_1", "user_id": "Someshwar95", "score": {"sample": {"0": {"execution_time": 0.29987502098083496, "passed": false}, "1": {"execution_time": 0.1859300136566162, "passed": false}, "2": {"execution_time": 0.189117431640625, "passed": false}, "3": {"execution_time": 0.25425148010253906, "passed": false}, "4": {"execution_time": 0.29586052894592285, "passed": false}, "5": {"execution_time": 0.19086456298828125, "passed": false}, "6": {"execution_time": 0.21531224250793457, "passed": false}, "7": {"execution_time": 0.2647063732147217, "passed": false}, "8": {"execution_time": 0.19905638694763184, "passed": false}, "9": {"execution_time": 0.18462634086608887, "passed": false}, "10": {"execution_time": 0.16838955879211426, "passed": false}, "11": {"execution_time": 0.1505746841430664, "passed": false}}}, "check_style_score": "0/1"}