{"version": "1", "message": "ERROR: Hidden Testcases server unreachable.", "problem_id": "ads2_m2_a1_1", "user_id": "Someshwar95", "score": {"sample": {"0": {"execution_time": 0.19536185264587402, "passed": false}, "1": {"execution_time": 0.17857074737548828, "passed": false}, "2": {"execution_time": 0.17130255699157715, "passed": false}, "3": {"execution_time": 0.1387310028076172, "passed": false}, "4": {"execution_time": 0.16698312759399414, "passed": false}, "5": {"execution_time": 0.17534613609313965, "passed": false}, "6": {"execution_time": 0.18425655364990234, "passed": false}, "7": {"execution_time": 0.19226837158203125, "passed": false}, "8": {"execution_time": 0.1710829734802246, "passed": false}, "9": {"execution_time": 0.18987035751342773, "passed": false}, "10": {"execution_time": 0.17792129516601562, "passed": false}, "11": {"execution_time": 0.16200613975524902, "passed": false}, "12": {"execution_time": 0.20583367347717285, "passed": false}, "13": {"execution_time": 0.19946861267089844, "passed": false}, "14": {"execution_time": 0.21288061141967773, "passed": false}, "15": {"execution_time": 0.22737812995910645, "passed": false}, "16": {"execution_time": 0.220933198928833, "passed": false}, "17": {"execution_time": 0.20628690719604492, "passed": false}, "18": {"execution_time": 0.2392747402191162, "passed": false}, "19": {"execution_time": 0.266829252243042, "passed": false}, "20": {"execution_time": 0.2454521656036377, "passed": false}, "21": {"execution_time": 0.20407915115356445, "passed": false}, "22": {"execution_time": 0.2741062641143799, "passed": false}, "23": {"execution_time": 0.2612307071685791, "passed": false}}}, "check_style_score": "1/1"}