{"version": "1", "message": "ERROR: Hidden Testcases server unreachable.", "problem_id": "ads2_m2_a1_1", "user_id": "Someshwar95", "score": {"sample": {"0": {"execution_time": 0.23458528518676758, "passed": true}, "1": {"execution_time": 0.16174697875976562, "passed": true}, "2": {"execution_time": 0.17342233657836914, "passed": true}, "3": {"execution_time": 0.20215559005737305, "passed": true}, "4": {"execution_time": 0.18785309791564941, "passed": true}, "5": {"execution_time": 0.1944725513458252, "passed": true}, "6": {"execution_time": 0.18707561492919922, "passed": true}, "7": {"execution_time": 0.20183062553405762, "passed": true}, "8": {"execution_time": 0.1736438274383545, "passed": true}, "9": {"execution_time": 0.18208765983581543, "passed": true}, "10": {"execution_time": 0.17794203758239746, "passed": true}, "11": {"execution_time": 0.206329345703125, "passed": true}, "12": {"execution_time": 0.18125605583190918, "passed": true}, "13": {"execution_time": 0.1810004711151123, "passed": true}, "14": {"execution_time": 0.16353821754455566, "passed": true}, "15": {"execution_time": 0.2006242275238037, "passed": true}, "16": {"execution_time": 0.20597434043884277, "passed": true}, "17": {"execution_time": 0.2278456687927246, "passed": true}, "18": {"execution_time": 0.1762065887451172, "passed": true}, "19": {"execution_time": 0.21459269523620605, "passed": true}, "20": {"execution_time": 0.24472355842590332, "passed": true}, "21": {"execution_time": 0.19852089881896973, "passed": true}, "22": {"execution_time": 0.24287176132202148, "passed": true}, "23": {"execution_time": 0.26572299003601074, "passed": true}}}, "check_style_score": "0/1"}