{"version": "1", "message": "ERROR: Hidden Testcases server unreachable.", "problem_id": "ads2_m2_a1_1", "user_id": "Someshwar95", "score": {"sample": {"0": {"execution_time": 0.21682977676391602, "passed": true}, "1": {"execution_time": 0.1886897087097168, "passed": true}, "2": {"execution_time": 0.18087100982666016, "passed": true}, "3": {"execution_time": 0.1517653465270996, "passed": true}, "4": {"execution_time": 0.15784716606140137, "passed": true}, "5": {"execution_time": 0.17342257499694824, "passed": true}, "6": {"execution_time": 0.16965699195861816, "passed": true}, "7": {"execution_time": 0.1565566062927246, "passed": true}, "8": {"execution_time": 0.20247435569763184, "passed": true}, "9": {"execution_time": 0.18400907516479492, "passed": true}, "10": {"execution_time": 0.15512442588806152, "passed": true}, "11": {"execution_time": 0.21266674995422363, "passed": true}, "12": {"execution_time": 0.1728353500366211, "passed": true}, "13": {"execution_time": 0.1881413459777832, "passed": true}, "14": {"execution_time": 0.1751854419708252, "passed": true}, "15": {"execution_time": 0.18814754486083984, "passed": true}, "16": {"execution_time": 0.1799464225769043, "passed": true}, "17": {"execution_time": 0.21641993522644043, "passed": true}, "18": {"execution_time": 0.19985198974609375, "passed": true}, "19": {"execution_time": 0.25186705589294434, "passed": true}, "20": {"execution_time": 0.25207018852233887, "passed": true}, "21": {"execution_time": 0.173140287399292, "passed": true}, "22": {"execution_time": 0.2540864944458008, "passed": true}, "23": {"execution_time": 0.2569313049316406, "passed": true}}}, "check_style_score": "0/1"}