{"version": "1", "message": "ERROR: Hidden Testcases server unreachable.", "problem_id": "ads2_m2_a1_1", "user_id": "Someshwar95", "score": {"sample": {"0": {"execution_time": 0.19965267181396484, "passed": true}, "1": {"execution_time": 0.14855337142944336, "passed": true}, "2": {"execution_time": 0.16673731803894043, "passed": true}, "3": {"execution_time": 0.1506941318511963, "passed": true}, "4": {"execution_time": 0.14999604225158691, "passed": true}, "5": {"execution_time": 0.18254566192626953, "passed": true}, "6": {"execution_time": 0.13581562042236328, "passed": true}, "7": {"execution_time": 0.16448402404785156, "passed": true}, "8": {"execution_time": 0.1347360610961914, "passed": true}, "9": {"execution_time": 0.14838266372680664, "passed": true}, "10": {"execution_time": 0.13625240325927734, "passed": true}, "11": {"execution_time": 0.14833617210388184, "passed": true}, "12": {"execution_time": 0.14724040031433105, "passed": true}, "13": {"execution_time": 0.16401195526123047, "passed": true}, "14": {"execution_time": 0.18033814430236816, "passed": true}, "15": {"execution_time": 0.1801466941833496, "passed": true}, "16": {"execution_time": 0.18001770973205566, "passed": true}, "17": {"execution_time": 0.21088528633117676, "passed": true}, "18": {"execution_time": 0.18748831748962402, "passed": true}, "19": {"execution_time": 0.23611974716186523, "passed": true}, "20": {"execution_time": 0.21027421951293945, "passed": true}, "21": {"execution_time": 0.16521906852722168, "passed": true}, "22": {"execution_time": 0.22739410400390625, "passed": true}, "23": {"execution_time": 0.2430286407470703, "passed": true}}}, "check_style_score": "0/1"}