{"version": "1", "message": "ERROR: Hidden Testcases server unreachable.", "problem_id": "ads2_m2_a1_1", "user_id": "Someshwar95", "score": {"sample": {"0": {"execution_time": 0.2549464702606201, "passed": true}, "1": {"execution_time": 0.18686318397521973, "passed": true}, "2": {"execution_time": 0.22300267219543457, "passed": true}, "3": {"execution_time": 0.15536117553710938, "passed": true}, "4": {"execution_time": 0.18604493141174316, "passed": true}, "5": {"execution_time": 0.17101216316223145, "passed": true}, "6": {"execution_time": 0.18664002418518066, "passed": true}, "7": {"execution_time": 0.14825844764709473, "passed": true}, "8": {"execution_time": 0.16492271423339844, "passed": true}, "9": {"execution_time": 0.15192699432373047, "passed": true}, "10": {"execution_time": 0.1727004051208496, "passed": true}, "11": {"execution_time": 0.17563676834106445, "passed": true}, "12": {"execution_time": 0.18161225318908691, "passed": true}, "13": {"execution_time": 0.16430258750915527, "passed": true}, "14": {"execution_time": 0.16562485694885254, "passed": true}, "15": {"execution_time": 0.18111157417297363, "passed": true}, "16": {"execution_time": 0.19695448875427246, "passed": true}, "17": {"execution_time": 0.19515252113342285, "passed": true}, "18": {"execution_time": 0.20092320442199707, "passed": true}, "19": {"execution_time": 0.18608307838439941, "passed": true}, "20": {"execution_time": 0.21199631690979004, "passed": true}, "21": {"execution_time": 0.16584253311157227, "passed": true}, "22": {"execution_time": 0.2427053451538086, "passed": true}, "23": {"execution_time": 0.227278470993042, "passed": true}}}, "check_style_score": "0/1"}