{"version": "1", "message": "ERROR: Hidden Testcases server unreachable.", "problem_id": "ads2_m2_a1_1", "user_id": "Someshwar95", "score": {"sample": {"0": {"execution_time": 0.19550037384033203, "passed": false}, "1": {"execution_time": 0.15232014656066895, "passed": false}, "2": {"execution_time": 0.16180849075317383, "passed": false}, "3": {"execution_time": 0.1775496006011963, "passed": false}, "4": {"execution_time": 0.13722515106201172, "passed": false}, "5": {"execution_time": 0.1665799617767334, "passed": false}, "6": {"execution_time": 0.1852867603302002, "passed": false}, "7": {"execution_time": 0.16598200798034668, "passed": false}, "8": {"execution_time": 0.14550375938415527, "passed": false}, "9": {"execution_time": 0.17876029014587402, "passed": false}, "10": {"execution_time": 0.16201400756835938, "passed": false}, "11": {"execution_time": 0.17780733108520508, "passed": false}, "12": {"execution_time": 0.17425298690795898, "passed": false}, "13": {"execution_time": 0.15920114517211914, "passed": false}, "14": {"execution_time": 0.1536571979522705, "passed": false}, "15": {"execution_time": 0.20145440101623535, "passed": false}, "16": {"execution_time": 0.20476841926574707, "passed": false}, "17": {"execution_time": 0.20338988304138184, "passed": false}, "18": {"execution_time": 0.18273282051086426, "passed": false}, "19": {"execution_time": 0.21013784408569336, "passed": false}, "20": {"execution_time": 0.19719791412353516, "passed": false}, "21": {"execution_time": 0.190413236618042, "passed": false}, "22": {"execution_time": 0.2594020366668701, "passed": false}, "23": {"execution_time": 0.2433180809020996, "passed": false}}}, "check_style_score": "1/1"}